{"nodeDataCollection":[{"id_Node":0,"position":{"x":-4.9999847412109379,"y":193.86358642578126}},{"id_Node":1,"position":{"x":377.6818542480469,"y":-13.772735595703125}},{"id_Node":2,"position":{"x":375.0909118652344,"y":381.9999084472656}}]}