{"nodeDataCollection":[{"id_Node":0,"position":{"x":4.550811767578125,"y":35.49519348144531}},{"id_Node":1,"position":{"x":344.91827392578127,"y":-172.65512084960938}},{"id_Node":2,"position":{"x":345.42718505859377,"y":235.179931640625}}]}